{
  "id": "cn2xg303r3vg008f67h0",
  "hub": "ibm-q",
  "group": "open",
  "project": "main",
  "backend": "ibm_brisbane",
  "state": {
    "status": "Completed"
  },
  "params": {
    "circuits": [
      "OPENQASM 2.0;\ninclude \"qelib1.inc\";\n\nqreg q[4];\ncreg c[4];\nx q[3];\nbarrier q[0], q[1], q[2], q[3];\nh q[0];\nh q[1];\nh q[2];\nh q[3];\nbarrier q[0], q[1], q[2], q[3];\ncx q[2], q[3];\ncx q[0], q[3];\nbarrier q[0], q[1], q[2], q[3];\nh q[0];\nh q[1];\nh q[2];\nh q[3];\nbarrier q[0], q[1], q[2], q[3];\nmeasure q[0] -> c[0];\nmeasure q[1] -> c[1];\nmeasure q[2] -> c[2];\n"
    ],
    "run_options": {
      "shots": 1024
    }
  },
  "program": {
    "id": "sampler"
  },
  "created": "2023-11-04T05:35:08.44934Z",
  "tags": [
    "composer-info:composer:true",
    "composer-info:code-id:c26fc1e8782d75da0d5b233fcdb3344f2feecb57f08c53ad77f38818dc71066a",
    "composer-info:code-version-id:6545d7711b5c971cfb569b01"
  ],
  "cost": 600,
  "estimated_running_time_seconds": 34.06789285197917,
  "estimated_max_running_time_seconds": 170.33946425989583,
  "status": "Completed"
}